FSMs,Fmax(MHz),CyclesPerByte,Throughput(MB/s)
1,224,1.01869,220
2,220,1.01869,432
4,220,1.01869,864
8,220,1.01869,1728
16,213,1.01869,3344
